-- Selección de la base de datos 'parques_db' donde se van a realizar las inserciones
use parques_db;

-- Inserción de entidades responsables de la gestión de los parques
INSERT INTO entidad_responsable (nombre, direccion, telefono) VALUES
('Parques Nacionales de Colombia', 'Carrera 10 #20-30, Bogotá', '6013456789'),
('Fundación Fauna y Flora', 'Avenida El Dorado #12-45, Bogotá', '3104567890'),
('Corporación Ambiental Andina', 'Calle 50 #7-60, Medellín', '6043216789'),
('Reserva Natural Colombia', 'Carrera 15 #89-23, Cali', '6029876543'),
('Protección y Conservación Verde', 'Diagonal 40 #14-67, Barranquilla', '6054321098'),
('Instituto de Investigaciones Ecológicas', 'Transversal 8 #23-45, Bucaramanga', '6071234567'),
('Corporación Amazonía Viva', 'Carrera 25 #56-78, Leticia', '6088765432'),
('Red de Parques Andinos', 'Calle 90 #45-12, Tunja', '6085671234'),
('Conservación de Recursos Naturales', 'Avenida Central #67-90, Neiva', '6082345678'),
('Fundación Protección Selva Amazónica', 'Calle 23 #34-12, Villavicencio', '6089873214'),
('Centro de Estudios de Biodiversidad', 'Carrera 12 #78-56, Pasto', '6024567890'),
('Asociación de Guardaparques', 'Diagonal 33 #12-89, Manizales', '6063456789'),
('Organización de Reservas Naturales', 'Carrera 44 #56-23, Pereira', '6062345678'),
('Corporación del Medio Ambiente', 'Calle 15 #78-34, Armenia', '6068765432'),
('EcoProtección', 'Avenida Principal #34-67, Cúcuta', '6077654321'),
('Fundación Tierra y Vida', 'Carrera 5 #90-45, Sincelejo', '6059876543'),
('Instituto de Estudios Ambientales', 'Calle 78 #12-56, Montería', '6056789012'),
('Centro de Conservación de Ecosistemas', 'Diagonal 11 #23-90, Santa Marta', '6058901234'),
('Red de Reservas Forestales', 'Carrera 60 #34-78, Cartagena', '6054321678'),
('Fundación Mar y Bosques', 'Avenida del Sol #45-12, San Andrés', '6083214567'),
('Organización Nacional de Biodiversidad', 'Calle 25 #67-89, Riohacha', '6086789012'),
('Programa de Restauración Ecológica', 'Carrera 40 #89-12, Popayán', '6023456789'),
('Grupo de Investigación en Fauna', 'Avenida Ambiental #12-34, Quibdó', '6045678901'),
('Red de Áreas Naturales Protegidas', 'Carrera 10 #23-78, Florencia', '6087890123'),
('Corporación de Conservación Costera', 'Calle 55 #67-12, Buenaventura', '6028901234'),
('Centro de Estudio de Aves Migratorias', 'Diagonal 32 #45-78, Valledupar', '6055671234'),
('Fundación Bosques y Ríos', 'Avenida Central #78-23, Ibagué', '6082345987'),
('Programa de Protección del Jaguar', 'Carrera 33 #12-67, Yopal', '6087654321'),
('Asociación para el Cuidado del Agua', 'Calle 56 #23-90, Arauca', '6085678902'),
('Fundación Sostenibilidad Verde', 'Avenida del Río #45-78, Puerto Carreño', '6088902345'),
('Centro de Investigación en Biodiversidad', 'Carrera 20 #34-56, Mitú', '6083456789'),
('Red de Guardianes del Amazonas', 'Calle 11 #67-89, Inírida', '6087650987'),
('Organización para la Reforestación', 'Diagonal 89 #12-34, San José del Guaviare', '6081236789'),
('Corporación de Estudios Medioambientales', 'Carrera 56 #78-90, Puerto Inírida', '6084567891'),
('Instituto para la Conservación Natural', 'Avenida 12 de Octubre #23-67, Mocoa', '6086789123'),
('Fundación de Restauración de Bosques', 'Calle 67 #12-90, Pasto', '6027894561'),
('Centro de Rescate de Fauna Silvestre', 'Carrera 34 #56-12, Cali', '6029876123'),
('Asociación de Protección de Ecosistemas', 'Avenida del Lago #78-45, Leticia', '6081234789'),
('Corporación Vida Verde', 'Carrera 45 #23-12, Medellín', '6045672345'),
('Fundación de Investigación en Mamíferos', 'Diagonal 12 #34-78, Bogotá', '6013458765'),
('Reserva de Especies Endémicas', 'Calle 90 #23-45, Bucaramanga', '6076782345'),
('Centro de Protección del Manatí', 'Carrera 56 #12-34, Montería', '6058765432'),
('Proyecto de Conservación de Anfibios', 'Avenida 23 de Mayo #67-89, Santa Marta', '6056784321'),
('Red Nacional de Parques y Reservas', 'Calle 45 #78-12, Tunja', '6085436789'),
('Fundación Flora y Fauna Andina', 'Diagonal 56 #90-23, Ibagué', '6086785432'),
('Organización de Protección Marina', 'Carrera 78 #12-34, Riohacha', '6088907654'),
('Fundación Ambientalista del Caribe', 'Calle 34 #56-78, Barranquilla', '6057654321'),
('Instituto de Recursos Naturales', 'Avenida del Bosque #23-45, Popayán', '6029875432'),
('Corporación de Manejo de Cuencas', 'Carrera 67 #12-34, Manizales', '6064321987'),
('Centro de Investigación en Áreas Protegidas', 'Calle 78 #23-45, Armenia', '6068765432');


-- Inserción de departamentos asociados a las entidades responsables
-- Cada departamento se asocia a una entidad responsable usando el ID de la entidad
INSERT INTO departamento (nombre, id_entidad) VALUES
('Amazonas', 7),
('Antioquia', 3),
('Arauca', 30),
('Atlántico', 5),
('Bolívar', 19),
('Boyacá', 8),
('Caldas', 12),
('Caquetá', 25),
('Casanare', 28),
('Cauca', 22),
('Cesar', 26),
('Chocó', 23),
('Córdoba', 17),
('Cundinamarca', 1),
('Guainía', 33),
('Guaviare', 34),
('Huila', 9),
('La Guajira', 21),
('Magdalena', 18),
('Meta', 10),
('Nariño', 11),
('Norte de Santander', 15),
('Putumayo', 36),
('Quindío', 14),
('Risaralda', 13),
('San Andrés y Providencia', 20),
('Santander', 6),
('Sucre', 16),
('Tolima', 27),
('Valle del Cauca', 4),
('Vaupés', 32),
('Vichada', 31),
('Bogotá D.C.', 2),
('Guaviare', 35),
('Chocó', 24),
('Casanare', 29),
('Nariño', 37),
('Santander', 38),
('Atlántico', 39),
('Bolívar', 40),
('Cauca', 41),
('La Guajira', 42),
('Putumayo', 43),
('Huila', 44),
('Magdalena', 45),
('Antioquia', 46),
('Sucre', 47),
('Córdoba', 48),
('Tolima', 49),
('Valle del Cauca', 50);


-- Inserción de parques naturales con su nombre y fecha de declaración
-- Cada parque se asocia a una fecha de declaración para registrar cuándo se estableció oficialmente
INSERT INTO parque_natural (nombre, fecha_declaracion) VALUES
('Parque Nacional Natural Amacayacu', '1975-10-16'),
('Parque Nacional Natural Chingaza', '1977-06-06'),
('Parque Nacional Natural El Tuparro', '1980-07-22'),
('Parque Nacional Natural Serranía de los Yariguíes', '2005-01-01'),
('Santuario de Flora y Fauna Los Flamencos', '1977-02-12'),
('Parque Nacional Natural Los Nevados', '1974-04-30'),
('Parque Nacional Natural Isla de Salamanca', '1964-07-24'),
('Parque Nacional Natural Sierra de la Macarena', '1971-04-01'),
('Santuario de Fauna y Flora Ciénaga Grande de Santa Marta', '1977-06-04'),
('Parque Nacional Natural Munchique', '1977-08-12'),
('Parque Nacional Natural El Cocuy', '1977-06-02'),
('Parque Nacional Natural Sanquianga', '1977-11-30'),
('Parque Natural Regional Río Claro', '2012-05-20'),
('Parque Nacional Natural Bosque Seco', '1984-10-10'),
('Parque Nacional Natural Darién', '1981-08-25'),
('Reserva Natural Cerro Pintado', '2010-09-18'),
('Parque Nacional Natural Estrella Fluvial del Inírida', '2014-11-21'),
('Parque Nacional Natural Sumapaz', '1977-05-29'),
('Parque Nacional Natural Nukak', '1989-06-18'),
('Parque Nacional Natural Corales del Rosario', '1977-03-02'),
('Parque Nacional Natural Islas de San Bernardo', '1978-05-14'),
('Parque Nacional Natural Ciénaga de Zapatosa', '1998-09-30'),
('Parque Nacional Natural Valle del Sibundoy', '2010-12-01'),
('Parque Nacional Natural Montes de María', '2002-04-15'),
('Parque Nacional Natural Laguna de Sonso', '1997-06-17'),
('Parque Nacional Natural Los Farallones de Cali', '1968-01-01'),
('Santuario de Fauna y Flora Otún Quimbaya', '1996-02-28'),
('Parque Nacional Natural Tepuyes de Mitú', '2018-07-12'),
('Parque Nacional Natural Chiribiquete', '1989-09-21'),
('Reserva Pantanos de Villa', '2001-11-05'),
('Parque Natural Bosques de San Vicente', '2009-04-13'),
('Reserva Natural Cerro Azul', '2015-06-30'),
('Parque Nacional Natural Laguna de Tota', '1977-10-03'),
('Reserva Forestal de Yotoco', '1983-08-22'),
('Parque Natural Panguana', '2017-03-18'),
('Parque Nacional Natural Bahía Málaga', '2010-12-14'),
('Parque Nacional Natural La Pedrera', '2016-08-08'),
('Parque Nacional Natural Altiplano Cundiboyacense', '1984-05-12'),
('Parque Nacional Natural Ciénaga de Ayapel', '2004-10-19'),
('Parque Nacional Natural Río Bita', '2018-07-19'),
('Parque Nacional Natural Bosques de Tumaco', '1995-06-25'),
('Parque Nacional Natural Tarapoto', '2015-11-10'),
('Parque Nacional Natural Laguna de la Cocha', '1984-09-14'),
('Parque Nacional Natural Llanos de San Martín', '1999-07-28'),
('Parque Nacional Natural Cuchilla del San Juan', '2008-03-03'),
('Parque Nacional Natural Sabanas del Guaviare', '2006-04-18'),
('Parque Nacional Natural Sistema Lagunar de Chingaza', '1977-06-06'),
('Parque Nacional Natural Reserva Nukak', '1989-06-18'),
('Parque Nacional Natural Páramo del Almorzadero', '2011-09-25'),
('Parque Nacional Natural Selva del Amazonas', '1982-08-01');


-- Insertar los datos de la relación entre departamentos y parques
INSERT INTO departamento_parque (id_departamento, id_parque) VALUES
(1, 1),  -- Amazonas - Amacayacu
(1, 42), -- Amazonas - Tarapoto
(2, 13), -- Antioquia - Río Claro
(2, 36), -- Antioquia - Bahía Málaga
(3, 40), -- Arauca - Río Bita
(4, 7),  -- Atlántico - Isla de Salamanca
(5, 20), -- Bolívar - Corales del Rosario
(5, 24), -- Bolívar - Montes de María
(6, 11), -- Boyacá - El Cocuy
(6, 32), -- Boyacá - Laguna de Tota
(7, 6),  -- Caldas - Los Nevados
(8, 29), -- Caquetá - Chiribiquete
(9, 44), -- Casanare - Llanos de San Martín
(10, 10), -- Cauca - Munchique
(10, 41), -- Cauca - Bosques de Tumaco
(11, 22), -- Cesar - Ciénaga de Zapatosa
(12, 15), -- Chocó - Darién
(12, 45), -- Chocó - Cuchilla del San Juan
(13, 39), -- Córdoba - Ciénaga de Ayapel
(14, 2),  -- Cundinamarca - Chingaza
(14, 18), -- Cundinamarca - Sumapaz
(14, 30), -- Cundinamarca - Pantanos de Villa
(15, 17), -- Guainía - Estrella Fluvial del Inírida
(16, 19), -- Guaviare - Nukak
(16, 28), -- Guaviare - Tepuyes de Mitú
(16, 29), -- Guaviare - Chiribiquete
(17, 14), -- Huila - Bosque Seco
(18, 5),  -- La Guajira - Los Flamencos
(19, 9),  -- Magdalena - Ciénaga Grande de Santa Marta
(19, 7),  -- Magdalena - Isla de Salamanca
(20, 8),  -- Meta - Sierra de la Macarena
(21, 12), -- Nariño - Sanquianga
(21, 43), -- Nariño - Laguna de la Cocha
(22, 50), -- Norte de Santander - Páramo del Almorzadero
(23, 16), -- Putumayo - Cerro Pintado
(23, 23), -- Putumayo - Valle del Sibundoy
(24, 25), -- Quindío - Laguna de Sonso
(25, 26), -- Risaralda - Farallones de Cali
(25, 27), -- Risaralda - Otún Quimbaya
(26, 21), -- San Andrés - Islas de San Bernardo
(27, 4),  -- Santander - Serranía de los Yariguíes
(27, 31), -- Santander - Bosques de San Vicente
(28, 21), -- Sucre - Islas de San Bernardo
(28, 24), -- Sucre - Montes de María
(29, 49), -- Tolima - Selva del Amazonas
(30, 25), -- Valle del Cauca - Laguna de Sonso
(30, 26), -- Valle del Cauca - Farallones de Cali
(30, 34), -- Valle del Cauca - Yotoco
(31, 37), -- Vaupés - La Pedrera
(32, 3),  -- Vichada - El Tuparro
(32, 40), -- Vichada - Río Bita
(33, 30), -- Bogotá D.C. - Pantanos de Villa
(34, 35), -- Guaviare - Panguana
(35, 48), -- Chocó - Reserva Nukak
(36, 38), -- Casanare - Altiplano Cundiboyacense
(37, 43), -- Nariño - Laguna de la Cocha
(38, 31), -- Santander - Bosques de San Vicente
(39, 4),  -- Atlántico - Serranía de los Yariguíes
(40, 5),  -- Bolívar - Los Flamencos
(41, 10), -- Cauca - Munchique
(42, 47), -- La Guajira - Sistema Lagunar de Chingaza
(43, 23), -- Putumayo - Valle del Sibundoy
(44, 14), -- Huila - Bosque Seco
(45, 9),  -- Magdalena - Ciénaga Grande de Santa Marta
(46, 13), -- Antioquia - Río Claro
(47, 21), -- Sucre - Islas de San Bernardo
(48, 39), -- Córdoba - Ciénaga de Ayapel
(49, 50), -- Tolima - Páramo del Almorzadero
(50, 34); -- Valle del Cauca - Yotoco


-- Insertar los datos sobre áreas dentro de parques
INSERT INTO area (nombre, extension, id_parque) VALUES
('Zona de Selva Alta', 35000.50, 1),
('Reserva de Biodiversidad', 22000.75, 1),
('Ciénaga de Tarapoto', 18500.30, 2),
('Humedales del Amazonas', 42000.90, 2),
('Bosques de Río Claro', 15700.45, 3),
('Zona Rocosa de los Farallones', 32000.80, 4),
('Sabana del Orinoco', 41000.60, 5),
('Manglares del Atlántico', 26500.20, 6),
('Bosques de los Montes de María', 30500.50, 7),
('Corales del Rosario', 15000.00, 8),
('Laguna de Tota', 18750.45, 9),
('Páramo de Pisba', 27300.75, 9),
('Volcán Nevado del Ruiz', 29000.90, 10),
('Cerro Machín', 14000.50, 10),
('Selva de Chiribiquete', 42000.60, 11),
('Mesetas del Guaviare', 36500.30, 11),
('Zona Lacustre del Cocuy', 25000.40, 12),
('Cuchilla de San Juan', 31500.70, 13),
('Estrella Fluvial del Inírida', 39500.60, 14),
('Llanos de San Martín', 28000.80, 15),
('Ciénaga de Ayapel', 23000.75, 16),
('Bosques de Yotoco', 15000.50, 17),
('Páramo del Almorzadero', 36000.90, 18),
('Farallones de Cali', 31500.25, 19),
('Páramo de Sumapaz', 42000.10, 20),
('Islas de San Bernardo', 10000.30, 21),
('Reserva del Nukak', 49000.50, 22),
('Sistema Lagunar de Chingaza', 27500.75, 23),
('Cerro Pintado', 26000.80, 24),
('Laguna de Sonso', 18500.25, 25),
('Pantanos de Villa', 22000.60, 26),
('Panguana', 29000.90, 27),
('Los Flamencos', 32000.40, 28),
('Bosque Seco del Huila', 33500.20, 29),
('Tepuyes de Mitú', 40000.75, 30),
('Isla de Salamanca', 21000.80, 31),
('El Tuparro', 29500.30, 32),
('Ciénaga Grande de Santa Marta', 33000.50, 33),
('Río Bita', 28000.20, 34),
('Darién', 31500.90, 35),
('Munchique', 27500.40, 36),
('Sanquianga', 25500.60, 37),
('Laguna de la Cocha', 32500.75, 38),
('Valle del Sibundoy', 31000.80, 39),
('Selva del Amazonas', 47000.20, 40),
('La Pedrera', 36500.50, 41),
('Reserva Nukak', 48500.30, 42),
('Altiplano Cundiboyacense', 32500.70, 43),
('Bosques de San Vicente', 27000.40, 44),
('Serranía de los Yariguíes', 25000.90, 45);


-- Insertar los datos sobre el personal relacionado con parques
INSERT INTO personal (cedula, nombre, apellido1, apellido2, direccion, telefono, sueldo, tipo_personal) VALUES
('1000123456', 'Juan', 'Pérez', 'Gómez', 'Cra 10 #45-23, Bogotá', '3204567890', 2500000.00, '001'),
('1000234567', 'María', 'López', 'Martínez', 'Calle 23 #12-34, Medellín', '3105678901', 2700000.00, '002'),
('1000345678', 'Carlos', 'Ramírez', 'Fernández', 'Av. 5 #67-89, Cali', '3156789012', 2900000.00, '003'),
('1000456789', 'Ana', 'González', 'Hernández', 'Calle 8 #90-12, Barranquilla', '3117890123', 3100000.00, '004'),
('1000567890', 'Luis', 'Rodríguez', 'Torres', 'Carrera 50 #10-45, Bucaramanga', '3228901234', 2600000.00, '001'),
('1000678901', 'Sofía', 'Hernández', 'Castro', 'Diagonal 14 #23-67, Cartagena', '3009012345', 2800000.00, '002'),
('1000789012', 'Andrés', 'Díaz', 'Vargas', 'Av. 3 #45-67, Cúcuta', '3200123456', 2700000.00, '003'),
('1000890123', 'Valentina', 'Muñoz', 'Suárez', 'Calle 19 #34-56, Ibagué', '3151234567', 3200000.00, '004'),
('1000901234', 'Julián', 'Jiménez', 'Ríos', 'Cra 18 #56-78, Villavicencio', '3112345678', 2550000.00, '001'),
('1001012345', 'Camila', 'Morales', 'Ortega', 'Calle 22 #12-45, Manizales', '3103456789', 2750000.00, '002'),
('1001123456', 'Mateo', 'Gómez', 'Acosta', 'Cra 30 #45-23, Neiva', '3204567890', 2900000.00, '003'),
('1001234567', 'Fernanda', 'Pardo', 'Mendoza', 'Av. 9 #78-90, Popayán', '3005678901', 3150000.00, '004'),
('1001345678', 'Santiago', 'Castaño', 'Beltrán', 'Calle 16 #56-34, Armenia', '3226789012', 2600000.00, '001'),
('1001456789', 'Daniela', 'Villalobos', 'Ruiz', 'Carrera 12 #23-67, Tunja', '3157890123', 2850000.00, '002'),
('1001567890', 'Hugo', 'Torres', 'Quintero', 'Av. 6 #45-23, Pasto', '3118901234', 2950000.00, '003'),
('1001678901', 'Isabel', 'Navarro', 'Herrera', 'Calle 33 #12-45, Montería', '3209012345', 3250000.00, '004'),
('1001789012', 'Ricardo', 'Guerrero', 'Sánchez', 'Cra 14 #34-78, Yopal', '3220123456', 2700000.00, '001'),
('1001890123', 'Andrea', 'Peña', 'Castellanos', 'Diagonal 21 #56-78, Sincelejo', '3101234567', 2850000.00, '002'),
('1001901234', 'Javier', 'Londoño', 'Mejía', 'Calle 18 #45-90, Florencia', '3002345678', 2900000.00, '003'),
('1002012345', 'Paula', 'Bermúdez', 'Osorio', 'Carrera 24 #67-12, Quibdó', '3203456789', 3300000.00, '004'),
('1002123456', 'Felipe', 'Salazar', 'Bautista', 'Av. 10 #34-90, Leticia', '3224567890', 2650000.00, '001'),
('1002234567', 'Diana', 'Medina', 'Avendaño', 'Calle 12 #56-34, San Andrés', '3115678901', 2800000.00, '002'),
('1002345678', 'Gabriel', 'Ortiz', 'Valencia', 'Cra 5 #78-12, Riohacha', '3156789012', 3100000.00, '003'),
('1002456789', 'Laura', 'Martínez', 'Cifuentes', 'Diagonal 8 #90-45, Arauca', '3007890123', 3350000.00, '004'),
('1002567890', 'Esteban', 'Quintana', 'Mora', 'Av. 7 #45-67, Valledupar', '3108901234', 2700000.00, '001'),
('1002678901', 'Cristina', 'Rojas', 'Sepúlveda', 'Cra 20 #12-34, Mocoa', '3209012345', 2950000.00, '002'),
('1002789012', 'Emilio', 'Gálvez', 'Palacios', 'Carrera 15 #78-90, Inírida', '3150123456', 3100000.00, '003'),
('1002890123', 'Mónica', 'Guzmán', 'Barrera', 'Calle 30 #34-56, Mitú', '3221234567', 3450000.00, '004'),
('1002901234', 'Álvaro', 'Montoya', 'Vega', 'Cra 28 #90-12, Puerto Carreño', '3112345678', 2750000.00, '001'),
('1003012345', 'Natalia', 'Delgado', 'Ibáñez', 'Calle 14 #23-56, Tumaco', '3203456789', 2800000.00, '002'),
('1003123456', 'Sebastián', 'Ospina', 'Arango', 'Carrera 6 #67-89, Guapi', '3154567890', 3000000.00, '003'),
('1003234567', 'Julieta', 'Ramírez', 'Salinas', 'Calle 9 #45-23, Nuquí', '3005678901', 3550000.00, '004'),
('1003345678', 'Oscar', 'Vargas', 'Nieto', 'Av. 2 #12-45, Santa Marta', '3226789012', 2650000.00, '001'),
('1003456789', 'Liliana', 'Buitrago', 'López', 'Cra 12 #34-56, Fusagasugá', '3117890123', 2900000.00, '002'),
('1003567890', 'Fernando', 'Tobón', 'Márquez', 'Av. 4 #78-12, Honda', '3208901234', 3100000.00, '003'),
('1003678901', 'Rosa', 'Galeano', 'Chaves', 'Calle 22 #45-67, Zipaquirá', '3159012345', 3400000.00, '004'),
('1003789012', 'Patricio', 'Zambrano', 'Cortés', 'Cra 8 #56-34, Girardot', '3000123456', 2750000.00, '001'),
('1003890123', 'Maritza', 'Bonilla', 'Urrego', 'Diagonal 16 #23-45, Aguazul', '3101234567', 2850000.00, '002'),
('1003901234', 'Fabián', 'Linares', 'Villamil', 'Av. 11 #34-78, Puerto Inírida', '3202345678', 3000000.00, '003'),
('1004012345', 'Elsa', 'Trujillo', 'Herrera', 'Cra 25 #12-90, Turbo', '3153456789', 3650000.00, '004'),
('1004112345', 'Erick', 'Mendoza', 'Castro', 'Cra 11 #23-45, Bogotá', '3209876543', 2600000.00, '001'),
('1004212346', 'Lucía', 'Benítez', 'Rojas', 'Calle 45 #67-89, Medellín', '3118765432', 2800000.00, '002'),
('1004312347', 'Raúl', 'Gómez', 'Duarte', 'Av. 5 #78-12, Cali', '3227654321', 2900000.00, '003'),
('1004412348', 'Diana', 'Figueroa', 'Luna', 'Carrera 3 #56-78, Barranquilla', '3156543210', 3100000.00, '004'),
('1004512349', 'Samuel', 'Acosta', 'Jiménez', 'Calle 12 #45-67, Bucaramanga', '3115432109', 2550000.00, '001'),
('1004612350', 'Lorena', 'Delgado', 'Moreno', 'Cra 8 #90-12, Cartagena', '3004321098', 2750000.00, '002'),
('1004712351', 'Jorge', 'Paredes', 'Villamizar', 'Diagonal 21 #34-56, Cúcuta', '3203210987', 2700000.00, '003'),
('1004812352', 'Valeria', 'Ortega', 'Arévalo', 'Av. 9 #67-89, Ibagué', '3102109876', 3250000.00, '004'),
('1004912353', 'Cristóbal', 'Reyes', 'Espinosa', 'Cra 10 #12-34, Manizales', '3151098765', 2600000.00, '001'),
('1005012354', 'Marina', 'Suárez', 'Bermúdez', 'Calle 5 #78-90, Neiva', '3000987654', 2800000.00, '002'),
('1005112355', 'Diego', 'Rincón', 'Vargas', 'Av. 14 #23-45, Popayán', '3209876501', 2900000.00, '003'),
('1005212356', 'Nataly', 'Cárdenas', 'Osorio', 'Carrera 30 #56-78, Armenia', '3118765402', 3150000.00, '004'),
('1005312357', 'Rubén', 'Molina', 'Torres', 'Cra 7 #90-12, Tunja', '3227654303', 2650000.00, '001'),
('1005412358', 'Rosa', 'Beltrán', 'Méndez', 'Calle 22 #45-67, Pasto', '3156543204', 2850000.00, '002'),
('1005512359', 'Gustavo', 'Chávez', 'Serrano', 'Av. 11 #34-56, Montería', '3115432105', 2950000.00, '003'),
('1005612360', 'Beatriz', 'Fernández', 'Salazar', 'Calle 8 #12-34, Yopal', '3004321106', 3300000.00, '004'),
('1005712361', 'Oscar', 'Pinto', 'Rivera', 'Cra 4 #23-45, Sincelejo', '3203210987', 2700000.00, '001'),
('1005812362', 'Andrea', 'López', 'Ávila', 'Carrera 15 #78-90, Florencia', '3102109865', 2850000.00, '002'),
('1005912363', 'Emilio', 'Barrera', 'Nieto', 'Diagonal 16 #12-34, Quibdó', '3151098743', 2900000.00, '003'),
('1006012364', 'Eliana', 'Hurtado', 'Peñuela', 'Av. 33 #45-67, Leticia', '3000987642', 3400000.00, '004'),
('1006112365', 'Fernando', 'Castaño', 'Ríos', 'Cra 2 #34-56, San Andrés', '3209876541', 2650000.00, '001'),
('1006212366', 'Maritza', 'Quintero', 'Martínez', 'Calle 19 #78-90, Riohacha', '3118765430', 2800000.00, '002'),
('1006312367', 'Luis', 'Herrera', 'Montoya', 'Av. 21 #90-12, Arauca', '3227654329', 3100000.00, '003'),
('1006412368', 'Estefanía', 'Morales', 'Carrillo', 'Cra 13 #23-45, Valledupar', '3156543218', 3350000.00, '004'),
('1006512369', 'Patricia', 'Guzmán', 'Quijano', 'Calle 14 #45-67, Mocoa', '3115432107', 2700000.00, '001'),
('1006612370', 'Nicolás', 'Álvarez', 'Valenzuela', 'Carrera 8 #67-89, Inírida', '3004321096', 2950000.00, '002'),
('1006712371', 'Carolina', 'Sepúlveda', 'Palacios', 'Diagonal 25 #12-34, Mitú', '3203210985', 3100000.00, '003'),
('1006812372', 'Henry', 'Muñoz', 'Salinas', 'Cra 14 #45-78, Puerto Carreño', '3102109874', 3450000.00, '004'),
('1006912373', 'Lorena', 'Rodríguez', 'Ibáñez', 'Av. 17 #90-12, Tumaco', '3151098763', 2750000.00, '001'),
('1007012374', 'Fabián', 'Vargas', 'Bautista', 'Calle 33 #12-45, Guapi', '3000987652', 2800000.00, '002'),
('1007112375', 'Camilo', 'Ospina', 'Téllez', 'Cra 5 #78-90, Nuquí', '3209876531', 3000000.00, '003'),
('1007212376', 'Paulina', 'Tobón', 'Sánchez', 'Carrera 9 #23-45, Santa Marta', '3118765410', 3550000.00, '004'),
('1007312377', 'Pedro', 'Bonilla', 'Márquez', 'Calle 21 #45-67, Fusagasugá', '3227654319', 2650000.00, '001'),
('1007412378', 'Cristina', 'Zambrano', 'Villamil', 'Av. 16 #67-89, Honda', '3156543208', 2900000.00, '002'),
('1007512379', 'Emanuel', 'Montoya', 'Cortés', 'Cra 7 #78-90, Zipaquirá', '3115432197', 3100000.00, '003'),
('1007612380', 'Manuela', 'Galeano', 'Chávez', 'Calle 22 #34-56, Girardot', '3004321086', 3400000.00, '004'),
('1007712381', 'Ramón', 'Peña', 'Ramos', 'Carrera 11 #12-34, Aguazul', '3203210975', 2750000.00, '001');


-- Insertar los registros en la tabla 'gestion_visitantes' que asocia a los visitantes con el personal de entrada en cada parque
INSERT INTO gestion_visitantes (id_parque, id_personalEntrada) VALUES
(1, '1004112345'),
(2, '1004512349'),
(3, '1004912353'),
(4, '1005312357'),
(5, '1005712361'),
(6, '1006112365'),
(7, '1006512369'),
(8, '1006912373'),
(9, '1007312377'),
(10, '1007712381'),
(11, '1004112345'),
(12, '1004512349'),
(13, '1004912353'),
(14, '1005312357'),
(15, '1005712361'),
(16, '1006112365'),
(17, '1006512369'),
(18, '1006912373'),
(19, '1007312377'),
(20, '1007712381'),
(21, '1004112345'),
(22, '1004512349'),
(23, '1004912353'),
(24, '1005312357'),
(25, '1005712361'),
(26, '1006112365'),
(27, '1006512369'),
(28, '1006912373'),
(29, '1007312377'),
(30, '1007712381');


-- Insertar datos sobre las especialidades del personal encargado de la conservación en diferentes áreas
INSERT INTO gestion_conservacion (id_personalConservacion, id_area, especialidad) VALUES
('1000345678', 1, 'Mantenimiento de senderos'),
('1000789012', 1, 'Limpieza de lagos'),
('1001123456', 2, 'Control de flora invasiva'),
('1001567890', 2, 'Restauración de ecosistemas'),
('1001901234', 3, 'Monitoreo de suelos'),
('1002345678', 3, 'Protección de fuentes hídricas'),
('1002789012', 4, 'Reforestación'),
('1003123456', 4, 'Conservación de especies endémicas'),
('1003567890', 5, 'Mantenimiento de señalización'),
('1003901234', 5, 'Manejo de residuos'),
('1004312347', 6, 'Control de incendios forestales'),
('1004712351', 6, 'Mantenimiento de puentes ecológicos'),
('1005112355', 7, 'Protección de humedales'),
('1005512359', 7, 'Control de plagas en flora'),
('1005912363', 37, 'Limpieza de caminos'),
('1006312367', 8, 'Manejo de fauna silvestre'),
('1006712371', 9, 'Conservación de corales'),
('1007112375', 9, 'Reforestación de manglares'),
('1007512379', 10, 'Estabilización de dunas'),
('1000345678', 10, 'Recuperación de ecosistemas degradados'),
('1000789012', 11, 'Protección de especies en peligro'),
('1001123456', 11, 'Control de erosión'),
('1001567890', 38, 'Vigilancia de bosques nativos'),
('1001901234', 12, 'Supervisión de biodiversidad'),
('1002345678', 13, 'Monitoreo de cambios climáticos'),
('1002789012', 13, 'Saneamiento de fuentes de agua'),
('1003123456', 14, 'Protección de nidos de aves'),
('1003567890', 14, 'Supervisión de vida marina'),
('1003901234', 15, 'Control de especies invasoras'),
('1004312347', 15, 'Seguimiento de fauna en peligro'),
('1004712351', 16, 'Limpieza de áreas recreativas'),
('1005112355', 29, 'Regeneración de pastizales naturales'),
('1005512359', 17, 'Educación ambiental sobre conservación'),
('1005912363', 17, 'Mantenimiento de refugios de vida silvestre'),
('1006312367', 18, 'Monitoreo de polinización'),
('1006712371', 18, 'Supervisión de aguas termales naturales'),
('1007112375', 19, 'Restauración de suelos contaminados'),
('1007512379', 47, 'Protección de ecosistemas costeros'),
('1000345678', 20, 'Recuperación de flora nativa'),
('1000789012', 20, 'Limpieza de acantilados'),
('1001123456', 21, 'Monitoreo de anfibios en riesgo'),
('1001567890', 21, 'Conservación de cavernas naturales'),
('1001901234', 22, 'Manejo de ecosistemas áridos'),
('1002345678', 22, 'Protección de glaciares'),
('1002789012', 23, 'Supervisión de lagunas altoandinas'),
('1003123456', 50, 'Control de turismo ecológico'),
('1003567890', 24, 'Rescate de flora en peligro'),
('1003901234', 24, 'Monitoreo de marismas'),
('1004312347', 48, 'Protección de sabanas naturales'),
('1005112355', 25, 'Manejo de residuos en áreas protegidas');


-- Insertar registros de vigilancia de áreas protegidas, incluyendo el personal y los vehículos que utilizan
INSERT INTO gestion_vigilancia (id_personalVigilancia, id_area, tipo_vehiculo, marca_vehiculo) VALUES
('1000234567', 1, 'Camioneta 4x4', 'Toyota'),
('1000234567', 2, 'Motocicleta', 'Honda'),
('1000234567', 3, 'ATV Cuatrimoto', 'Yamaha'),
('1000678901', 4, 'Dron de vigilancia', 'DJI'),
('1000678901', 5, 'Motocicleta', 'Suzuki'),
('1000678901', 6, 'Camioneta 4x4', 'Ford'),
('1001012345', 7, 'ATV Cuatrimoto', 'Can-Am'),
('1001012345', 8, 'Motocicleta', 'Kawasaki'),
('1001012345', 9, 'Camioneta 4x4', 'Nissan'),
('1001456789', 10, 'Dron de vigilancia', 'Parrot'),
('1001456789', 11, 'Camioneta 4x4', 'Chevrolet'),
('1001456789', 12, 'Motocicleta', 'Yamaha'),
('1001890123', 13, 'Dron de vigilancia', 'Autel Robotics'),
('1001890123', 14, 'ATV Cuatrimoto', 'Polaris'),
('1001890123', 15, 'Motocicleta', 'Harley-Davidson'),
('1002234567', 16, 'Camioneta 4x4', 'Mitsubishi'),
('1002234567', 17, 'ATV Cuatrimoto', 'Arctic Cat'),
('1002234567', 18, 'Dron de vigilancia', 'Skydio'),
('1002678901', 19, 'Camioneta 4x4', 'Land Rover'),
('1002678901', 20, 'Motocicleta', 'BMW'),
('1002678901', 21, 'ATV Cuatrimoto', 'Honda'),
('1003012345', 22, 'Dron de vigilancia', 'DJI'),
('1003012345', 23, 'Motocicleta', 'Ducati'),
('1003012345', 24, 'Camioneta 4x4', 'Jeep'),
('1003456789', 25, 'ATV Cuatrimoto', 'Yamaha'),
('1003456789', 1, 'Dron de vigilancia', 'Parrot'),
('1003890123', 2, 'Motocicleta', 'Triumph'),
('1003890123', 3, 'Camioneta 4x4', 'Toyota'),
('1004212346', 4, 'Dron de vigilancia', 'DJI'),
('1004212346', 5, 'Motocicleta', 'Honda'),
('1004612350', 6, 'ATV Cuatrimoto', 'Polaris'),
('1004612350', 7, 'Dron de vigilancia', 'Autel Robotics'),
('1005012354', 8, 'Camioneta 4x4', 'Ford'),
('1005012354', 9, 'Motocicleta', 'Yamaha'),
('1005412358', 10, 'Dron de vigilancia', 'Skydio'),
('1005412358', 11, 'ATV Cuatrimoto', 'Can-Am'),
('1005812362', 12, 'Camioneta 4x4', 'Nissan'),
('1005812362', 13, 'Motocicleta', 'BMW'),
('1006212366', 14, 'Dron de vigilancia', 'Parrot'),
('1006212366', 15, 'ATV Cuatrimoto', 'Arctic Cat'),
('1006612370', 16, 'Camioneta 4x4', 'Mitsubishi'),
('1006612370', 17, 'Motocicleta', 'Harley-Davidson'),
('1007012374', 18, 'Dron de vigilancia', 'Skydio'),
('1007012374', 19, 'ATV Cuatrimoto', 'Polaris'),
('1007412378', 20, 'Camioneta 4x4', 'Land Rover'),
('1007412378', 21, 'Motocicleta', 'Ducati'),
('1006212366', 22, 'Dron de vigilancia', 'DJI'),
('1006212366', 23, 'Camioneta 4x4', 'Chevrolet'),
('1004612350', 24, 'ATV Cuatrimoto', 'Yamaha'),
('1004612350', 25, 'Motocicleta', 'Suzuki'),
('1000234567', 26, 'Camioneta 4x4', 'Toyota'),
('1000678901', 27, 'Motocicleta', 'Honda'),
('1001012345', 28, 'ATV Cuatrimoto', 'Yamaha'),
('1001456789', 29, 'Dron de vigilancia', 'DJI'),
('1001890123', 30, 'Motocicleta', 'Suzuki'),
('1002234567', 31, 'Camioneta 4x4', 'Ford'),
('1002678901', 32, 'ATV Cuatrimoto', 'Can-Am'),
('1003012345', 33, 'Motocicleta', 'Kawasaki'),
('1003456789', 34, 'Camioneta 4x4', 'Nissan'),
('1003890123', 35, 'Dron de vigilancia', 'Parrot'),
('1004212346', 36, 'Camioneta 4x4', 'Chevrolet'),
('1004612350', 37, 'Motocicleta', 'Yamaha'),
('1005012354', 38, 'Dron de vigilancia', 'Autel Robotics'),
('1005412358', 39, 'ATV Cuatrimoto', 'Polaris'),
('1005812362', 40, 'Motocicleta', 'Harley-Davidson'),
('1006212366', 41, 'Camioneta 4x4', 'Mitsubishi'),
('1006612370', 42, 'ATV Cuatrimoto', 'Arctic Cat'),
('1007012374', 43, 'Dron de vigilancia', 'Skydio'),
('1007412378', 44, 'Camioneta 4x4', 'Land Rover'),
('1000234567', 45, 'Motocicleta', 'BMW'),
('1000678901', 46, 'ATV Cuatrimoto', 'Honda'),
('1001012345', 47, 'Dron de vigilancia', 'DJI'),
('1001456789', 48, 'Motocicleta', 'Ducati'),
('1001890123', 49, 'Camioneta 4x4', 'Jeep'),
('1002234567', 50, 'ATV Cuatrimoto', 'Yamaha'),
('1002678901', 26, 'Dron de vigilancia', 'Parrot'),
('1003012345', 27, 'Motocicleta', 'Triumph'),
('1003456789', 28, 'Camioneta 4x4', 'Toyota'),
('1003890123', 29, 'Dron de vigilancia', 'DJI'),
('1004212346', 30, 'Motocicleta', 'Honda'),
('1004612350', 31, 'ATV Cuatrimoto', 'Polaris'),
('1005012354', 32, 'Dron de vigilancia', 'Autel Robotics'),
('1005412358', 33, 'Camioneta 4x4', 'Ford'),
('1005812362', 34, 'Motocicleta', 'Yamaha'),
('1006212366', 35, 'Dron de vigilancia', 'Skydio'),
('1006612370', 36, 'ATV Cuatrimoto', 'Can-Am'),
('1007012374', 37, 'Camioneta 4x4', 'Nissan'),
('1007412378', 38, 'Motocicleta', 'BMW'),
('1000234567', 39, 'Dron de vigilancia', 'Parrot'),
('1000678901', 40, 'ATV Cuatrimoto', 'Arctic Cat'),
('1001012345', 41, 'Camioneta 4x4', 'Mitsubishi'),
('1001456789', 42, 'Motocicleta', 'Harley-Davidson'),
('1001890123', 43, 'Dron de vigilancia', 'Skydio'),
('1002234567', 44, 'ATV Cuatrimoto', 'Polaris'),
('1002678901', 45, 'Camioneta 4x4', 'Land Rover'),
('1003012345', 46, 'Motocicleta', 'Ducati'),
('1003456789', 47, 'Dron de vigilancia', 'DJI'),
('1003890123', 48, 'Camioneta 4x4', 'Jeep'),
('1004212346', 49, 'ATV Cuatrimoto', 'Honda'),
('1004612350', 50, 'Motocicleta', 'Suzuki');


-- Insertando datos en la tabla 'especie', que contiene las especies de animales y plantas
-- Se especifica la denominación científica, vulgar y el tipo (animal o vegetal)
INSERT INTO especie (denominacion_cientifica, denominacion_vulgar, tipo) VALUES
('Quercus robur', 'Roble común', 'vegetal'),
('Pinus sylvestris', 'Pino silvestre', 'vegetal'),
('Fagus sylvatica', 'Haya común', 'vegetal'),
('Acer saccharum', 'Arce azucarero', 'vegetal'),
('Betula pendula', 'Abedul', 'vegetal'),
('Sambucus nigra', 'Saúco', 'vegetal'),
('Alnus glutinosa', 'Aliso', 'vegetal'),
('Fraxinus excelsior', 'Fresno', 'vegetal'),
('Corylus avellana', 'Avellano', 'vegetal'),
('Populus tremula', 'Álamo temblón', 'vegetal'),
('Panthera leo', 'León', 'animal'),
('Loxodonta africana', 'Elefante africano', 'animal'),
('Ursus arctos', 'Oso pardo', 'animal'),
('Ailuropoda melanoleuca', 'Panda gigante', 'animal'),
('Cervus elaphus', 'Ciervo rojo', 'animal'),
('Giraffa camelopardalis', 'Jirafa', 'animal'),
('Elephas maximus', 'Elefante asiático', 'animal'),
('Balaenoptera musculus', 'Ballena azul', 'animal'),
('Vulpes vulpes', 'Zorro rojo', 'animal'),
('Canis lupus', 'Lobo', 'animal'),
('Carcharodon carcharias', 'Gran tiburón blanco', 'animal'),
('Arachnoidea', 'Araña', 'animal'),
('Dromaius novaehollandiae', 'Emú', 'animal'),
('Bubalus bubalis', 'Búfalo', 'animal'),
('Pavo cristatus', 'Pavo real', 'animal'),
('Cacatua galerita', 'Cacatúa de cresta amarilla', 'animal'),
('Apis mellifera', 'Abeja europea', 'animal'),
('Pterophyllum scalare', 'Escalar', 'animal'),
('Equus ferus caballus', 'Caballo', 'animal'),
('Testudo graeca', 'Tortuga griega', 'animal'),
('Felis catus', 'Gato doméstico', 'animal'),
('Gallus gallus domesticus', 'Gallina', 'animal'),
('Salmo salar', 'Salmón del Atlántico', 'animal'),
('Oncorhynchus mykiss', 'Trucha arco iris', 'animal'),
('Homo sapiens', 'Ser humano', 'animal'),
('Tyrannosaurus rex', 'Tyranosaurio', 'animal'),
('Lynx lynx', 'Lynx europeo', 'animal'),
('Struthio camelus', 'Ostrich', 'animal'),
('Eucalyptus globulus', 'Eucalipto', 'vegetal'),
('Rosa damascena', 'Rosa damascena', 'vegetal'),
('Coffea arabica', 'Café', 'vegetal'),
('Zea mays', 'Maíz', 'vegetal'),
('Solanum lycopersicum', 'Tomate', 'vegetal'),
('Cucumis sativus', 'Pepino', 'vegetal'),
('Phaseolus vulgaris', 'Frijol común', 'vegetal'),
('Capsicum annuum', 'Pimiento', 'vegetal'),
('Oryza sativa', 'Arroz', 'vegetal'),
('Triticum aestivum', 'Trigo', 'vegetal'),
('Pterocarpus indicus', 'Pterocarpus', 'vegetal'),
('Erythrina fusca', 'Erithrina', 'vegetal'),
('Tectona grandis', 'Teak', 'vegetal'),
('Cinnamomum verum', 'Canela', 'vegetal'),
('Bambusa vulgaris', 'Bambú', 'vegetal');


-- Insertando datos en la tabla 'area_especie', que relaciona las áreas con las especies
-- El número de individuos de cada especie por área también se define
INSERT INTO area_especie (id_area, id_especie, numero_individuos) VALUES
(1, 1, 350),
(1, 2, 290),
(1, 3, 400),
(2, 4, 500),
(2, 5, 300),
(2, 6, 200),
(2, 7, 180),
(3, 8, 150),
(3, 9, 120),
(3, 10, 170),
(4, 11, 200),
(4, 12, 160),
(4, 13, 140),
(4, 14, 130),
(5, 15, 110),
(5, 16, 100),
(5, 17, 90),
(5, 18, 80),
(6, 19, 50),
(6, 20, 60),
(6, 21, 40),
(7, 22, 450),
(7, 23, 350),
(7, 24, 300),
(8, 25, 150),
(8, 26, 100),
(8, 27, 90),
(9, 28, 200),
(9, 29, 170),
(9, 30, 160),
(10, 31, 220),
(10, 32, 180),
(11, 33, 250),
(11, 34, 200),
(12, 35, 400),
(12, 36, 350),
(13, 37, 90),
(13, 38, 80),
(14, 39, 75),
(14, 40, 70),
(14, 41, 120),
(15, 42, 30),
(15, 43, 25),
(15, 44, 40),
(16, 45, 130),
(16, 46, 100),
(16, 47, 90),
(17, 48, 50),
(17, 49, 40),
(17, 50, 30),
(18, 1, 350),
(18, 2, 290),
(18, 3, 400),
(19, 4, 500),
(19, 5, 300),
(19, 6, 200),
(20, 7, 180),
(20, 8, 150),
(20, 9, 120),
(21, 10, 170),
(21, 11, 200),
(21, 12, 160),
(22, 13, 140),
(22, 14, 130),
(22, 15, 110),
(23, 16, 100),
(23, 17, 90),
(24, 18, 80),
(24, 19, 50),
(25, 20, 60),
(26, 21, 40),
(27, 22, 450),
(28, 23, 350),
(29, 24, 300),
(30, 25, 150),
(31, 26, 100),
(31, 27, 90),
(31, 28, 200),
(32, 29, 170),
(32, 30, 160),
(33, 31, 220),
(33, 32, 180),
(34, 33, 250),
(35, 34, 200),
(35, 35, 400),
(36, 36, 350),
(37, 37, 90),
(38, 38, 80),
(38, 39, 75),
(39, 40, 70),
(39, 41, 120),
(40, 42, 30),
(41, 43, 25),
(41, 44, 40),
(42, 45, 130),
(42, 46, 100),
(43, 47, 90),
(44, 48, 50),
(45, 49, 40),
(46, 50, 30);


-- Insertando datos en la tabla 'proyecto_investigacion', que contiene los proyectos de investigación
-- Para cada proyecto se define el presupuesto, la fecha de inicio y la fecha de fin
INSERT INTO proyecto_investigacion (presupuesto, fecha_inicio, fecha_fin) VALUES
(150000.00, '2024-01-15', '2024-12-15'),
(250000.00, '2024-02-01', '2025-02-01'),
(180000.00, '2024-03-20', '2025-03-20'),
(300000.00, '2024-04-01', '2025-04-01'),
(200000.00, '2024-05-10', '2025-05-10'),
(220000.00, '2024-06-01', '2025-06-01'),
(170000.00, '2024-07-01', '2025-07-01'),
(210000.00, '2024-08-01', '2025-08-01'),
(190000.00, '2024-09-01', '2025-09-01'),
(250000.00, '2024-10-01', '2025-10-01'),
(230000.00, '2024-11-01', '2025-11-01'),
(260000.00, '2024-12-01', '2025-12-01'),
(280000.00, '2025-01-01', '2025-12-01'),
(270000.00, '2025-02-01', '2025-12-01'),
(290000.00, '2025-03-01', '2025-12-01'),
(310000.00, '2025-04-01', '2025-12-01'),
(320000.00, '2025-05-01', '2025-12-01'),
(330000.00, '2025-06-01', '2025-12-01'),
(340000.00, '2025-07-01', '2025-12-01'),
(350000.00, '2025-08-01', '2025-12-01'),
(360000.00, '2025-09-01', '2025-12-01'),
(370000.00, '2025-10-01', '2025-12-01'),
(380000.00, '2025-11-01', '2025-12-01'),
(390000.00, '2025-12-01', '2026-12-01'),
(400000.00, '2026-01-01', '2026-12-01'),
(410000.00, '2026-02-01', '2026-12-01'),
(420000.00, '2026-03-01', '2026-12-01'),
(430000.00, '2026-04-01', '2026-12-01'),
(440000.00, '2026-05-01', '2026-12-01'),
(450000.00, '2026-06-01', '2026-12-01'),
(460000.00, '2026-07-01', '2026-12-01'),
(470000.00, '2026-08-01', '2026-12-01'),
(480000.00, '2026-09-01', '2026-12-01'),
(490000.00, '2026-10-01', '2026-12-01'),
(500000.00, '2026-11-01', '2026-12-01'),
(510000.00, '2026-12-01', '2027-12-01'),
(520000.00, '2027-01-01', '2027-12-01'),
(530000.00, '2027-02-01', '2027-12-01'),
(540000.00, '2027-03-01', '2027-12-01'),
(550000.00, '2027-04-01', '2027-12-01'),
(560000.00, '2027-05-01', '2027-12-01'),
(570000.00, '2027-06-01', '2027-12-01'),
(580000.00, '2027-07-01', '2027-12-01'),
(590000.00, '2027-08-01', '2027-12-01'),
(600000.00, '2027-09-01', '2027-12-01'),
(610000.00, '2027-10-01', '2027-12-01'),
(620000.00, '2027-11-01', '2027-12-01');


-- Inserción de relaciones entre proyectos y especies
-- Relacionamos cada proyecto con las especies asociadas a través de su id
INSERT INTO proyecto_especie (id_proyecto, id_especie) VALUES
(1, 1),  -- Proyecto 1 con especie 1 (Quercus robur)
(1, 2),  -- Proyecto 1 con especie 2 (Pinus sylvestris)
(1, 3),  -- Proyecto 1 con especie 3 (Fagus sylvatica)
(2, 4),  -- Proyecto 2 con especie 4 (Acer saccharum)
(2, 5),  -- Proyecto 2 con especie 5 (Betula pendula)
(2, 6),  -- Proyecto 2 con especie 6 (Sambucus nigra)
(3, 7),  -- Proyecto 3 con especie 7 (Alnus glutinosa)
(3, 8),  -- Proyecto 3 con especie 8 (Fraxinus excelsior)
(3, 9),  -- Proyecto 3 con especie 9 (Corylus avellana)
(4, 10), -- Proyecto 4 con especie 10 (Populus tremula)
(4, 11), -- Proyecto 4 con especie 11 (Panthera leo)
(4, 12), -- Proyecto 4 con especie 12 (Loxodonta africana)
(5, 13), -- Proyecto 5 con especie 13 (Ursus arctos)
(5, 14), -- Proyecto 5 con especie 14 (Ailuropoda melanoleuca)
(5, 15), -- Proyecto 5 con especie 15 (Cervus elaphus)
(6, 16), -- Proyecto 6 con especie 16 (Giraffa camelopardalis)
(6, 17), -- Proyecto 6 con especie 17 (Elephas maximus)
(6, 18), -- Proyecto 6 con especie 18 (Balaenoptera musculus)
(7, 19), -- Proyecto 7 con especie 19 (Vulpes vulpes)
(7, 20), -- Proyecto 7 con especie 20 (Canis lupus)
(7, 21), -- Proyecto 7 con especie 21 (Carcharodon carcharias)
(8, 22), -- Proyecto 8 con especie 22 (Arachnoidea)
(8, 23), -- Proyecto 8 con especie 23 (Dromaius novaehollandiae)
(8, 24), -- Proyecto 8 con especie 24 (Bubalus bubalis)
(9, 25), -- Proyecto 9 con especie 25 (Pavo cristatus)
(9, 26), -- Proyecto 9 con especie 26 (Apis mellifera)
(9, 27), -- Proyecto 9 con especie 27 (Pterophyllum scalare)
(10, 28), -- Proyecto 10 con especie 28 (Equus ferus caballus)
(10, 29), -- Proyecto 10 con especie 29 (Testudo graeca)
(10, 30), -- Proyecto 10 con especie 30 (Felis catus)
(11, 31), -- Proyecto 11 con especie 31 (Gallus gallus domesticus)
(11, 32), -- Proyecto 11 con especie 32 (Salmo salar)
(11, 33), -- Proyecto 11 con especie 33 (Oncorhynchus mykiss)
(12, 34), -- Proyecto 12 con especie 34 (Homo sapiens)
(12, 35), -- Proyecto 12 con especie 35 (Lynx lynx)
(12, 36), -- Proyecto 12 con especie 36 (Struthio camelus)
(13, 37), -- Proyecto 13 con especie 37 (Eucalyptus globulus)
(13, 38), -- Proyecto 13 con especie 38 (Rosa damascena)
(13, 39), -- Proyecto 13 con especie 39 (Coffea arabica)
(14, 40), -- Proyecto 14 con especie 40 (Zea mays)
(14, 41), -- Proyecto 14 con especie 41 (Solanum lycopersicum)
(14, 42), -- Proyecto 14 con especie 42 (Cucumis sativus)
(15, 43), -- Proyecto 15 con especie 43 (Phaseolus vulgaris)
(15, 44), -- Proyecto 15 con especie 44 (Capsicum annuum)
(15, 45), -- Proyecto 15 con especie 45 (Oryza sativa)
(16, 46), -- Proyecto 16 con especie 46 (Triticum aestivum)
(16, 47), -- Proyecto 16 con especie 47 (Pterocarpus indicus)
(16, 48), -- Proyecto 16 con especie 48 (Erythrina fusca)
(17, 49), -- Proyecto 17 con especie 49 (Tectona grandis)
(17, 50); -- Proyecto 17 con especie 50 (Cinnamomum verum)


-- Inserción de relaciones entre investigadores y proyectos
-- Se asignan investigadores a proyectos específicos a través de sus cédulas
INSERT INTO investigador_proyecto (id_proyecto, id_investigador) VALUES
(1, '1000456789'),
(1, '1000890123'),
(2, '1001234567'),
(2, '1001678901'),
(3, '1002012345'),
(3, '1002456789'),
(4, '1002890123'),
(4, '1003234567'),
(5, '1003678901'),
(5, '1004012345'),
(6, '1004412348'),
(6, '1004812352'),
(7, '1005212356'),
(7, '1005612360'),
(8, '1006012364'),
(8, '1006412368'),
(9, '1006812372'),
(9, '1007212376'),
(10, '1007612380'),
(11, '1000456789'),
(11, '1000890123'),
(12, '1001234567'),
(12, '1001678901'),
(13, '1002012345'),
(13, '1002456789'),
(14, '1002890123'),
(14, '1003234567'),
(15, '1003678901'),
(15, '1004012345'),
(16, '1004412348'),
(16, '1004812352'),
(17, '1005212356'),
(17, '1005612360'),
(18, '1006012364'),
(18, '1006412368'),
(19, '1006812372'),
(19, '1007212376'),
(20, '1007612380'),
(21, '1000456789'),
(21, '1000890123'),
(22, '1001234567'),
(22, '1001678901'),
(23, '1002012345'),
(23, '1002456789'),
(24, '1002890123'),
(24, '1003234567'),
(25, '1003678901'),
(25, '1004012345'),
(26, '1004412348'),
(26, '1004812352'),
(27, '1005212356'),
(27, '1005612360');


-- Inserción de visitantes y su información personal
-- Agregamos la información de visitantes con sus respectivos datos como cédula, nombres, apellidos, dirección y profesión
INSERT INTO visitantes (cedula, nombre, apellido1, apellido2, direccion, profesion) VALUES
('1012345678', 'Carlos', 'Gomez', 'Perez', 'Calle 1, No. 23', 'Ingeniero'),
('1012456789', 'Ana', 'Martinez', 'Lopez', 'Avenida 5, No. 34', 'Médico'),
('1012567890', 'Juan', 'Fernandez', 'Ramirez', 'Carrera 2, No. 45', 'Abogado'),
('1012678901', 'Maria', 'Sanchez', 'Diaz', 'Calle 3, No. 56', 'Arquitecto'),
('1012789012', 'Pedro', 'Hernandez', 'Morales', 'Avenida 4, No. 67', 'Profesor'),
('1012890123', 'Luisa', 'Rodriguez', 'Gonzalez', 'Calle 5, No. 78', 'Enfermera'),
('1012901234', 'Felipe', 'Lopez', 'Martinez', 'Calle 6, No. 89', 'Estilista'),
('1013012345', 'Claudia', 'Perez', 'Sanchez', 'Carrera 7, No. 90', 'Contadora'),
('1013123456', 'Javier', 'Martinez', 'Garcia', 'Calle 8, No. 12', 'Cocinero'),
('1013234567', 'Raquel', 'Gonzalez', 'Lopez', 'Avenida 9, No. 23', 'Psicóloga'),
('1013345678', 'Miguel', 'Lopez', 'Fernandez', 'Calle 10, No. 34', 'Abogado'),
('1013456789', 'Patricia', 'Ramirez', 'Gonzalez', 'Carrera 11, No. 45', 'Farmacéutica'),
('1013567890', 'Victor', 'Diaz', 'Martinez', 'Avenida 12, No. 56', 'Biólogo'),
('1013678901', 'Jessica', 'Garcia', 'Hernandez', 'Calle 13, No. 67', 'Maestra'),
('1013789012', 'Andres', 'Hernandez', 'Lopez', 'Avenida 14, No. 78', 'Pintor'),
('1013890123', 'Elena', 'Lopez', 'Martinez', 'Calle 15, No. 89', 'Ingeniera'),
('1013901234', 'Luis', 'Sanchez', 'Perez', 'Carrera 16, No. 90', 'Psicoterapeuta'),
('1014012345', 'Carmen', 'Martinez', 'Lopez', 'Calle 17, No. 12', 'Secretaria'),
('1014112345', 'Antonio', 'Fernandez', 'Gonzalez', 'Avenida 18, No. 23', 'Vendedor'),
('1014212346', 'Isabel', 'Gonzalez', 'Rodriguez', 'Calle 19, No. 34', 'Técnico'),
('1014312347', 'Felipe', 'Rodriguez', 'Diaz', 'Carrera 20, No. 45', 'Ingeniero'),
('1014412348', 'Juliana', 'Diaz', 'Lopez', 'Avenida 21, No. 56', 'Veterinaria'),
('1014512349', 'Sebastian', 'Lopez', 'Garcia', 'Calle 22, No. 67', 'Profesor'),
('1014612350', 'Liliana', 'Garcia', 'Sanchez', 'Carrera 23, No. 78', 'Estilista'),
('1014712351', 'Jorge', 'Hernandez', 'Martinez', 'Avenida 24, No. 89', 'Chef'),
('1014812352', 'Mariana', 'Martinez', 'Diaz', 'Calle 25, No. 90', 'Asistente'),
('1014912353', 'Ricardo', 'Lopez', 'Rodriguez', 'Carrera 26, No. 12', 'Farmacéutico'),
('1015012354', 'Sandra', 'Rodriguez', 'Fernandez', 'Avenida 27, No. 23', 'Psicóloga'),
('1015112355', 'Carlos', 'Fernandez', 'Gonzalez', 'Calle 28, No. 34', 'Abogado'),
('1015212356', 'Oscar', 'Gonzalez', 'Lopez', 'Carrera 29, No. 45', 'Médico'),
('1015312357', 'Beatriz', 'Lopez', 'Martinez', 'Avenida 30, No. 56', 'Ingeniera'),
('1015412358', 'David', 'Martinez', 'Rodriguez', 'Calle 31, No. 67', 'Profesor'),
('1015512359', 'Patricia', 'Hernandez', 'Gonzalez', 'Carrera 32, No. 78', 'Estilista'),
('1015612360', 'Martín', 'Rodriguez', 'Diaz', 'Avenida 33, No. 89', 'Psicóloga'),
('1015712361', 'Alfredo', 'Diaz', 'Hernandez', 'Calle 34, No. 90', 'Mecánico'),
('1015812362', 'Raul', 'Hernandez', 'Martinez', 'Carrera 35, No. 12', 'Vendedor'),
('1015912363', 'Susana', 'Martinez', 'Gonzalez', 'Avenida 36, No. 23', 'Pintora'),
('1016012364', 'Enrique', 'Gonzalez', 'Rodriguez', 'Calle 37, No. 34', 'Carpintero'),
('1016112365', 'Maria', 'Rodriguez', 'Diaz', 'Carrera 38, No. 45', 'Técnico'),
('1016212366', 'Javier', 'Diaz', 'Fernandez', 'Avenida 39, No. 56', 'Arquitecto'),
('1016312367', 'Monica', 'Lopez', 'Sanchez', 'Calle 40, No. 67', 'Contadora'),
('1016412368', 'Carlos', 'Sanchez', 'Hernandez', 'Carrera 41, No. 78', 'Abogado'),
('1016512369', 'Ana', 'Sanchez', 'Lopez', 'Avenida 42, No. 89', 'Médica'),
('1016612370', 'Carlos', 'Lopez', 'Martinez', 'Calle 43, No. 90', 'Chef'),
('1016712371', 'Sergio', 'Martinez', 'Rodriguez', 'Carrera 44, No. 12', 'Ingeniero'),
('1016812372', 'Raquel', 'Rodriguez', 'Gonzalez', 'Avenida 45, No. 23', 'Contadora'),
('1016912373', 'Juan', 'Gonzalez', 'Lopez', 'Calle 46, No. 34', 'Profesor'),
('1017012374', 'Lorena', 'Lopez', 'Diaz', 'Carrera 47, No. 45', 'Psicóloga'),
('1017112375', 'Diana', 'Diaz', 'Sanchez', 'Avenida 48, No. 56', 'Veterinaria'),
('1017212376', 'Lucia', 'Sanchez', 'Hernandez', 'Calle 49, No. 67', 'Cocinera');


-- Insertar datos en la tabla "alojamiento"
-- Cada alojamiento tiene un id_parque, capacidad y categoría (Cabaña o Camping)
INSERT INTO alojamiento (id_parque, capacidad, categoria) VALUES
(1, 10, 'Cabaña'),
(1, 15, 'Camping'),
(1, 20, 'Cabaña'),
(2, 25, 'Cabaña'),
(2, 5, 'Camping'),
(3, 30, 'Cabaña'),
(3, 12, 'Camping'),
(4, 8, 'Cabaña'),
(4, 10, 'Camping'),
(5, 18, 'Cabaña'),
(6, 20, 'Camping'),
(6, 25, 'Cabaña'),
(7, 15, 'Camping'),
(7, 30, 'Cabaña'),
(8, 5, 'Cabaña'),
(9, 12, 'Camping'),
(9, 20, 'Cabaña'),
(10, 10, 'Camping'),
(11, 18, 'Cabaña'),
(11, 15, 'Camping'),
(12, 25, 'Cabaña'),
(12, 10, 'Camping'),
(13, 12, 'Cabaña'),
(13, 30, 'Camping'),
(14, 20, 'Cabaña'),
(15, 15, 'Camping'),
(16, 5, 'Cabaña'),
(16, 18, 'Camping'),
(17, 30, 'Cabaña'),
(17, 20, 'Camping'),
(18, 25, 'Cabaña'),
(18, 15, 'Camping'),
(19, 18, 'Cabaña'),
(20, 10, 'Camping'),
(20, 20, 'Cabaña'),
(21, 12, 'Camping'),
(22, 25, 'Cabaña'),
(22, 18, 'Camping'),
(23, 5, 'Cabaña'),
(23, 12, 'Camping'),
(24, 10, 'Cabaña'),
(24, 30, 'Camping'),
(25, 18, 'Cabaña'),
(25, 20, 'Camping'),
(26, 15, 'Cabaña'),
(26, 5, 'Camping'),
(27, 20, 'Cabaña'),
(27, 15, 'Camping'),
(28, 30, 'Cabaña'),
(28, 12, 'Camping'),
(29, 18, 'Cabaña'),
(30, 25, 'Camping'),
(30, 15, 'Cabaña'),
(31, 10, 'Camping'),
(31, 20, 'Cabaña'),
(32, 5, 'Cabaña'),
(32, 25, 'Camping'),
(33, 15, 'Cabaña'),
(33, 12, 'Camping'),
(34, 25, 'Cabaña'),
(34, 20, 'Camping'),
(35, 10, 'Cabaña'),
(35, 30, 'Camping'),
(36, 5, 'Camping'),
(36, 15, 'Cabaña'),
(37, 20, 'Cabaña'),
(37, 10, 'Camping'),
(38, 25, 'Cabaña'),
(39, 12, 'Camping'),
(40, 10, 'Cabaña'),
(40, 18, 'Camping'),
(41, 30, 'Cabaña'),
(41, 20, 'Camping'),
(42, 5, 'Cabaña'),
(42, 15, 'Camping'),
(43, 18, 'Cabaña'),
(43, 12, 'Camping'),
(44, 20, 'Cabaña'),
(44, 10, 'Camping'),
(45, 25, 'Cabaña'),
(45, 20, 'Camping'),
(46, 15, 'Cabaña'),
(46, 30, 'Camping'),
(47, 12, 'Cabaña'),
(47, 25, 'Camping'),
(48, 5, 'Cabaña'),
(48, 10, 'Camping'),
(49, 20, 'Cabaña'),
(49, 12, 'Camping'),
(50, 10, 'Cabaña'),
(50, 25, 'Camping');


-- Insertar datos en la tabla "estancia"
-- Esta tabla hace referencia a las visitas de los huéspedes a los alojamientos, con su respectiva fecha de ingreso y salida
-- id_visitante es el documento del visitante, id_alojamiento es el ID del alojamiento, y las fechas indican el periodo de estancia
INSERT INTO estancia (id_visitante, id_alojamiento, fecha_ingreso, fecha_salida) VALUES
('1012345678', 1, '2025-03-01', '2025-03-05'),
('1012456789', 2, '2025-03-02', '2025-03-06'),
('1012567890', 3, '2025-03-03', '2025-03-07'),
('1012678901', 4, '2025-03-04', '2025-03-08'),
('1012789012', 5, '2025-03-05', '2025-03-09'),
('1012890123', 6, '2025-03-06', '2025-03-10'),
('1012901234', 7, '2025-03-07', '2025-03-11'),
('1013012345', 8, '2025-03-08', '2025-03-12'),
('1013123456', 9, '2025-03-09', '2025-03-13'),
('1013234567', 10, '2025-03-10', '2025-03-14'),
('1013345678', 11, '2025-03-11', '2025-03-15'),
('1013456789', 12, '2025-03-12', '2025-03-16'),
('1013567890', 13, '2025-03-13', '2025-03-17'),
('1013678901', 14, '2025-03-14', '2025-03-18'),
('1013789012', 15, '2025-03-15', '2025-03-19'),
('1013890123', 16, '2025-03-16', '2025-03-20'),
('1013901234', 17, '2025-03-17', '2025-03-21'),
('1014012345', 18, '2025-03-18', '2025-03-22'),
('1014112345', 19, '2025-03-19', '2025-03-23'),
('1014212346', 20, '2025-03-20', '2025-03-24'),
('1014312347', 21, '2025-03-21', '2025-03-25'),
('1014412348', 22, '2025-03-22', '2025-03-26'),
('1014512349', 23, '2025-03-23', '2025-03-27'),
('1014612350', 24, '2025-03-24', '2025-03-28'),
('1014712351', 25, '2025-03-25', '2025-03-29'),
('1014812352', 26, '2025-03-26', '2025-03-30'),
('1014912353', 27, '2025-03-27', '2025-03-31'),
('1015012354', 28, '2025-03-28', '2025-04-01'),
('1015112355', 29, '2025-03-29', '2025-04-02'),
('1015212356', 30, '2025-03-30', '2025-04-03'),
('1015312357', 31, '2025-03-31', '2025-04-04'),
('1015412358', 32, '2025-04-01', '2025-04-05'),
('1015512359', 33, '2025-04-02', '2025-04-06'),
('1015612360', 34, '2025-04-03', '2025-04-07'),
('1015712361', 35, '2025-04-04', '2025-04-08'),
('1015812362', 36, '2025-04-05', '2025-04-09'),
('1015912363', 37, '2025-04-06', '2025-04-10'),
('1016012364', 38, '2025-04-07', '2025-04-11'),
('1016112365', 39, '2025-04-08', '2025-04-12'),
('1016212366', 40, '2025-04-09', '2025-04-13'),
('1016312367', 41, '2025-04-10', '2025-04-14'),
('1016412368', 42, '2025-04-11', '2025-04-15'),
('1016512369', 43, '2025-04-12', '2025-04-16'),
('1016612370', 44, '2025-04-13', '2025-04-17'),
('1016712371', 45, '2025-04-14', '2025-04-18'),
('1016812372', 46, '2025-04-15', '2025-04-19'),
('1016912373', 47, '2025-04-16', '2025-04-20'),
('1017012374', 48, '2025-04-17', '2025-04-21'),
('1017112375', 49, '2025-04-18', '2025-04-22'),
('1017212376', 50, '2025-04-19', '2025-04-23'),
('1012345678', 2, '2025-04-20', '2025-04-24'),
('1012456789', 3, '2025-04-21', '2025-04-25'),
('1012567890', 4, '2025-04-22', '2025-04-26'),
('1012678901', 5, '2025-04-23', '2025-04-27'),
('1012789012', 6, '2025-04-24', '2025-04-28'),
('1012890123', 7, '2025-04-25', '2025-04-29'),
('1012901234', 8, '2025-04-26', '2025-04-30'),
('1013012345', 9, '2025-04-27', '2025-05-01'),
('1013123456', 10, '2025-04-28', '2025-05-02'),
('1013234567', 11, '2025-04-29', '2025-05-03'),
('1013345678', 12, '2025-04-30', '2025-05-04'),
('1013456789', 13, '2025-05-01', '2025-05-05'),
('1013567890', 14, '2025-05-02', '2025-05-06'),
('1013678901', 15, '2025-05-03', '2025-05-07'),
('1013789012', 16, '2025-05-04', '2025-05-08'),
('1013890123', 17, '2025-05-05', '2025-05-09'),
('1013901234', 18, '2025-05-06', '2025-05-10'),
('1014012345', 19, '2025-05-07', '2025-05-11'),
('1014112345', 20, '2025-05-08', '2025-05-12'),
('1014212346', 21, '2025-05-09', '2025-05-13'),
('1014312347', 22, '2025-05-10', '2025-05-14'),
('1014412348', 23, '2025-05-11', '2025-05-15'),
('1014512349', 24, '2025-05-12', '2025-05-16'),
('1014612350', 25, '2025-05-13', '2025-05-17'),
('1014712351', 26, '2025-05-14', '2025-05-18'),
('1014812352', 27, '2025-05-15', '2025-05-19'),
('1014912353', 28, '2025-05-16', '2025-05-20'),
('1015012354', 29, '2025-05-17', '2025-05-21'),
('1015112355', 30, '2025-05-18', '2025-05-22'),
('1015212356', 31, '2025-05-19', '2025-05-23'),
('1015312357', 32, '2025-05-20', '2025-05-24'),
('1015412358', 33, '2025-05-21', '2025-05-25'),
('1015512359', 34, '2025-05-22', '2025-05-26'),
('1015612360', 35, '2025-05-23', '2025-05-27'),
('1015712361', 36, '2025-05-24', '2025-05-28'),
('1015812362', 37, '2025-05-25', '2025-05-29'),
('1015912363', 38, '2025-05-26', '2025-05-30'),
('1016012364', 39, '2025-05-27', '2025-06-01'),
('1016112365', 40, '2025-05-28', '2025-06-02'),
('1016212366', 41, '2025-05-29', '2025-06-03'),
('1016312367', 42, '2025-05-30', '2025-06-04'),
('1016412368', 43, '2025-05-31', '2025-06-05'),
('1016512369', 44, '2025-06-01', '2025-06-06'),
('1016612370', 45, '2025-06-02', '2025-06-07'),
('1016712371', 46, '2025-06-03', '2025-06-08'),
('1016812372', 47, '2025-06-04', '2025-06-09'),
('1016912373', 48, '2025-06-05', '2025-06-10'),
('1017012374', 49, '2025-06-06', '2025-06-11'),
('1017112375', 50, '2025-06-07', '2025-06-12'),
('1017212376', 1, '2025-06-08', '2025-06-13');

